lastName,UniqueId,firstName,fullName,birthDate,externalId,source
Karangelen,A6LX84VM93Z,Sandie,Sandie Karangelen,3/9/1960,67,humans3
Mcrill,C8WY13LL37X,Sean,Sean Mcrill,1/24/1979,68,humans3
Lyter,T1MI71UT02C,Germaine,Germaine Lyter,11/16/1989,69,humans3
Kozloff,Z0FE85ZS53G,Isadora,Isadora Kozloff,2/2/1983,70,humans3
Salvadge,C7NR96OE76W,Tristan,Tristan Salvadge,11/4/1991,71,humans3
Overlock,O2QR14QD46N,Loralee,Loralee Overlock,2/9/1961,72,humans3
Newborn,M2CU46XW38G,Arnulfo,Arnulfo Newborn,12/6/1970,73,humans3
Ahlstrom,R9GU07DH90V,Heide,Heide Ahlstrom,4/21/1969,74,humans3
Laufer,V0PB63DR72Y,Tanna,Tanna Laufer,8/30/1966,75,humans3
Daw,B1VD96CM53N,Fausto,Fausto Daw,1/6/1989,76,humans3
Micek,Y5NV05ZN87C,Latanya,Latanya Micek,9/18/1971,77,humans3
Marcoline,A4VG06LW22S,Beverley,Beverley Marcoline,10/5/1955,78,humans3
Gruenberg,E0BL47RE38S,Rigoberto,Rigoberto Gruenberg,3/23/1986,79,humans3
Dupuis,D1CS49PA12E,Riley,Riley Dupuis,1/30/1968,80,humans3
Newborn,W7HZ93RR28B,Rosemary,Rosemary Newborn,11/9/1982,81,humans3
Khatib,L8BN20EC99C,Cori,Cori Khatib,2/26/1991,82,humans3
Keyes,R4DO73MN51L,Shanika,Shanika Keyes,2/15/1959,83,humans3
Warning,D9KS35LC00F,Carl,Carl Warning,7/22/1957,84,humans3
Karvonen,L0QS54PH51Y,Alexandra,Alexandra Karvonen,9/22/1955,85,humans3
Pardew,T7QF33GG29S,Gayla,Gayla Pardew,5/29/1969,86,humans3
Righter,X6WA52CT22B,Sheri,Sheri Righter,3/15/1973,87,humans3
Filippo,L7HL14VR24P,Zulema,Zulema Filippo,1/18/1990,88,humans3
Halphen,L1WD48OO92Y,Marlyn,Marlyn Halphen,7/5/1957,89,humans3
Intermill,S9LO44TD49V,Emerald,Emerald Intermill,9/4/1967,90,humans3
Yip,K8LP56AR48X,Dean,Dean Yip,7/11/1966,91,humans3
Roekle,N0DV64NZ93Q,Patsy,Patsy Roekle,6/23/1955,92,humans3
Crabbs,Q9ET66LA82Q,Sherise,Sherise Crabbs,11/11/1956,93,humans3
Rearden,S4VL48EL66D,Estelle,Estelle Rearden,12/25/1989,94,humans3
Tiberio,M6ML53LN48R,Maurice,Maurice Tiberio,1/3/1961,95,humans3
Schild,S1GH26FF56E,Shyla,Shyla Schild,12/13/1976,96,humans3
Ucci,U9SG37OT64F,Kylee,Kylee Ucci,8/12/1968,97,humans3
squiers,U4UF03AI06M,nick,nick squiers,12/8/1961,98,humans3
Brewbaker,X9EV31NI63Y,Soo,Soo Brewbaker,8/10/1972,99,humans3
Fouraker,T9WV61OZ31G,Vergie,Vergie Fouraker,1/8/1960,100,humans3
