uniqueId:ID,lastName:string,firstName:string,fullName:string,birthDate:localdatetime,:LABEL
"C2OH48HL21V","Latour","Marceline","Marceline Latour",1960-01-21T00:00,PERSON
"P3UE85AY76F","Gessel","Keira","Keira Gessel",1988-12-24T00:00,PERSON
"I9IO39KL87H","Ulshafer","Kaila","Kaila Ulshafer",1962-07-02T00:00,PERSON
"L5TM04HW68I","Grims","Drew","Drew Grims",1963-07-07T00:00,PERSON
"Z1XA68FG61P","Raval","Landon","Landon Raval",1993-03-16T00:00,PERSON
"E1YK05EL08W","Ikeard","Verdie","Verdie Ikeard",1972-03-18T00:00,PERSON
"P9GZ17DB26B","Fullem","Vanita","Vanita Fullem",1984-05-18T00:00,PERSON
"O3HN99PS40B","Willigar","Sheron","Sheron Willigar",1956-11-05T00:00,PERSON
"Z8QA51TF42X","Barberr","Marni","Marni Barberr",1959-06-01T00:00,PERSON
"P3UL40GB37L","Kohnz","Tristan","Tristan Kohnz",1955-10-22T00:00,PERSON
"B1EX26DP11L","Relf","Blair","Blair Relf",1989-12-25T00:00,PERSON
"N0HZ77LC16D","Nguyen","Francisca","Francisca Nguyen",1973-03-07T00:00,PERSON
"S8XV98AK34E","Mellie","Elfreda","Elfreda Mellie",1989-10-11T00:00,PERSON
"L1UK78SB59A","Brincefield","Jamey","Jamey Brincefield",1955-09-29T00:00,PERSON
"K1HM82TN21K","Raynoso","Ligia","Ligia Raynoso",1988-05-15T00:00,PERSON
"K5GM88QY29L","Lapuz","Catheryn","Catheryn Lapuz",1960-04-25T00:00,PERSON
"U8SW50WS70M","Sieverson","Gavin","Gavin Sieverson",1979-07-05T00:00,PERSON
"M5EW11HD51U","Pagon","Milda","Milda Pagon",1981-02-13T00:00,PERSON
"N5EM25CE04L","Gardiner","Judson","Judson Gardiner",1993-12-13T00:00,PERSON
"S4SX29DS00O","Loud","Orville","Orville Loud",1960-01-14T00:00,PERSON
"I5QC16TN39X","Veys","Ola","Ola Veys",1983-08-11T00:00,PERSON
"A7FD16LB40L","Steff","Crystle","Crystle Steff",1974-03-23T00:00,PERSON
"A7ZM51OO00V","Iwanejko","Trena","Trena Iwanejko",1974-08-14T00:00,PERSON
"L1OY40TV72B","Kinzer","Hassie","Hassie Kinzer",1979-05-06T00:00,PERSON
"E0QI68EA01X","Frezza","Desirae","Desirae Frezza",1980-03-10T00:00,PERSON
"Q5PL77PE75K","Collette","Malcom","Malcom Collette",1977-10-03T00:00,PERSON
"U2YI30HO41S","Worner","Lynn","Lynn Worner",1976-04-09T00:00,PERSON
"U4NB12NK52D","Eidemiller","Jacqulyn","Jacqulyn Eidemiller",1968-07-04T00:00,PERSON
"V3FB05SW57C","Hunkele","Fallon","Fallon Hunkele",1975-09-26T00:00,PERSON
"Y9LX88VR14R","Wooters","Lizbeth","Lizbeth Wooters",1973-12-30T00:00,PERSON
"D2QM97YP57V","Gearin","Tamra","Tamra Gearin",1987-08-08T00:00,PERSON
"Z3BH01NC46I","Lefton","Jacquelynn","Jacquelynn Lefton",1973-01-08T00:00,PERSON
"B3AO03QH06W","Ribron","Jannet","Jannet Ribron",1980-12-04T00:00,PERSON
"W0FX10ZY07W","Chriscoe","Daisey","Daisey Chriscoe",1991-02-28T00:00,PERSON
"B0LM31LY71H","Nehrt","Michel","Michel Nehrt",1975-08-25T00:00,PERSON
"L7GU57HF93Y","Dardy","Leora","Leora Dardy",1961-11-17T00:00,PERSON
"A7FI46VZ60B","Diserens","Luvenia","Luvenia Diserens",1975-05-22T00:00,PERSON
"M9YN69EN86G","Kuenstler","Kimberely","Kimberely Kuenstler",1990-02-13T00:00,PERSON
"E6XM60KD20T","Ariola","Tameika","Tameika Ariola",1977-05-06T00:00,PERSON
"G9OG88AZ23D","Gainer","Khadijah","Khadijah Gainer",1961-04-12T00:00,PERSON
"D5LB97YT30S","Stolecki","Katy","Katy Stolecki",1972-01-05T00:00,PERSON
"G1VG37SD63E","Odonal","Yvone","Yvone Odonal",1972-12-11T00:00,PERSON
"F2MV39ZZ95G","Titchener","Jackelyn","Jackelyn Titchener",1983-06-09T00:00,PERSON
"V8RL38EW73U","Mucciolo","Rene","Rene Mucciolo",1961-10-17T00:00,PERSON
"P1TD22NH38V","Hornack","Buster","Buster Hornack",1994-05-13T00:00,PERSON
"L3FI79BT41T","Shrewsbury","Linwood","Linwood Shrewsbury",1986-05-31T00:00,PERSON
"F8LG77QD80L","Schimmel","Tatum","Tatum Schimmel",1987-07-06T00:00,PERSON
"X0DR42TS53X","Papson","Paul","Paul Papson",1984-09-16T00:00,PERSON
"D9FW33NQ20N","Bridgette","Gregory","Gregory Bridgette",1956-05-06T00:00,PERSON
"L1QH86VH21Q","Scroggs","Regenia","Regenia Scroggs",1961-11-07T00:00,PERSON
"Z7KN15QF28D","Mcfarlane","Herbert","Herbert Mcfarlane",1993-11-19T00:00,PERSON
"P1MV72UX43C","Frankl","Cleotilde","Cleotilde Frankl",1966-10-23T00:00,PERSON
"D3GG15CY81B","Aldapa","Teena","Teena Aldapa",1972-03-06T00:00,PERSON
"O4XE31US33U","Turay","Gerald","Gerald Turay",1971-09-09T00:00,PERSON
"L3FR27KK57B","Pachucki","Shawna","Shawna Pachucki",1968-05-30T00:00,PERSON
"G1OY47ZR72R","Kiili","Leandra","Leandra Kiili",1980-01-03T00:00,PERSON
"Z4EY28PA21W","Berson","Gregorio","Gregorio Berson",1955-06-16T00:00,PERSON
"X9RV05LU51C","Morua","Mitzi","Mitzi Morua",1962-10-02T00:00,PERSON
"A4GY27OY59F","Settle","Cecil","Cecil Settle",1968-02-13T00:00,PERSON
"X5BL26PX31W","Brackins","Krysten","Krysten Brackins",1975-09-02T00:00,PERSON
"N0VL97CT28W","Tweddle","Londa","Londa Tweddle",1985-12-26T00:00,PERSON
"M8FL77FP87P","Laforce","Renda","Renda Laforce",1964-06-25T00:00,PERSON
"N2UY05YY04V","Quashie","Yun","Yun Quashie",1973-05-03T00:00,PERSON
"Z1BX33FX95L","Fatigate","Neta","Neta Fatigate",1981-10-10T00:00,PERSON
"Y5LK10ZC84V","Vanderschel","Marchelle","Marchelle Vanderschel",1994-07-21T00:00,PERSON
"I1FB84BQ08C","Hedspeth","Trinh","Trinh Hedspeth",1968-08-06T00:00,PERSON
"A6LX84VM93Z","Karangelen","Sandie","Sandie Karangelen",1960-03-09T00:00,PERSON
"C8WY13LL37X","Mcrill","Sean","Sean Mcrill",1979-01-24T00:00,PERSON
"T1MI71UT02C","Lyter","Germaine","Germaine Lyter",1989-11-16T00:00,PERSON
"Z0FE85ZS53G","Kozloff","Isadora","Isadora Kozloff",1983-02-02T00:00,PERSON
"C7NR96OE76W","Salvadge","Tristan","Tristan Salvadge",1991-11-04T00:00,PERSON
"O2QR14QD46N","Overlock","Loralee","Loralee Overlock",1961-02-09T00:00,PERSON
"M2CU46XW38G","Newborn","Arnulfo","Arnulfo Newborn",1970-12-06T00:00,PERSON
"R9GU07DH90V","Ahlstrom","Heide","Heide Ahlstrom",1969-04-21T00:00,PERSON
"V0PB63DR72Y","Laufer","Tanna","Tanna Laufer",1966-08-30T00:00,PERSON
"B1VD96CM53N","Daw","Fausto","Fausto Daw",1989-01-06T00:00,PERSON
"Y5NV05ZN87C","Micek","Latanya","Latanya Micek",1971-09-18T00:00,PERSON
"A4VG06LW22S","Marcoline","Beverley","Beverley Marcoline",1955-10-05T00:00,PERSON
"E0BL47RE38S","Gruenberg","Rigoberto","Rigoberto Gruenberg",1986-03-23T00:00,PERSON
"D1CS49PA12E","Dupuis","Riley","Riley Dupuis",1968-01-30T00:00,PERSON
"W7HZ93RR28B","Newborn","Rosemary","Rosemary Newborn",1982-11-09T00:00,PERSON
"L8BN20EC99C","Khatib","Cori","Cori Khatib",1991-02-26T00:00,PERSON
"R4DO73MN51L","Keyes","Shanika","Shanika Keyes",1959-02-15T00:00,PERSON
"D9KS35LC00F","Warning","Carl","Carl Warning",1957-07-22T00:00,PERSON
"L0QS54PH51Y","Karvonen","Alexandra","Alexandra Karvonen",1955-09-22T00:00,PERSON
"T7QF33GG29S","Pardew","Gayla","Gayla Pardew",1969-05-29T00:00,PERSON
"X6WA52CT22B","Righter","Sheri","Sheri Righter",1973-03-15T00:00,PERSON
"L7HL14VR24P","Filippo","Zulema","Zulema Filippo",1990-01-18T00:00,PERSON
"L1WD48OO92Y","Halphen","Marlyn","Marlyn Halphen",1957-07-05T00:00,PERSON
"S9LO44TD49V","Intermill","Emerald","Emerald Intermill",1967-09-04T00:00,PERSON
"K8LP56AR48X","Yip","Dean","Dean Yip",1966-07-11T00:00,PERSON
"N0DV64NZ93Q","Roekle","Patsy","Patsy Roekle",1955-06-23T00:00,PERSON
"Q9ET66LA82Q","Crabbs","Sherise","Sherise Crabbs",1956-11-11T00:00,PERSON
"S4VL48EL66D","Rearden","Estelle","Estelle Rearden",1989-12-25T00:00,PERSON
"M6ML53LN48R","Tiberio","Maurice","Maurice Tiberio",1961-01-03T00:00,PERSON
"S1GH26FF56E","Schild","Shyla","Shyla Schild",1976-12-13T00:00,PERSON
"U9SG37OT64F","Ucci","Kylee","Kylee Ucci",1968-08-12T00:00,PERSON
"U4UF03AI06M","squiers","nick","nick squiers",1961-12-08T00:00,PERSON
"X9EV31NI63Y","Brewbaker","Soo","Soo Brewbaker",1972-08-10T00:00,PERSON
"T9WV61OZ31G","Fouraker","Vergie","Vergie Fouraker",1960-01-08T00:00,PERSON
