countryOfIssue,passportNumber
United Kingdom,621-10-5759
United Kingdom,781-13-4413
United Kingdom,087-34-8406
United Kingdom,800-44-7705
United Kingdom,876-92-6037
United Kingdom,146-78-4907
United Kingdom,900-32-8273
United Kingdom,853-36-6120
United Kingdom,967-65-6465
United Kingdom,631-35-6449
United Kingdom,988-66-7925
United Kingdom,864-22-3356
United Kingdom,105-56-0507
United Kingdom,299-86-6382
United Kingdom,730-50-5817
United Kingdom,269-59-1354
United Kingdom,237-81-2463
United Kingdom,593-94-4779
United Kingdom,017-91-3977
United Kingdom,425-19-4730
United Kingdom,751-86-2261
United Kingdom,668-46-7857
United Kingdom,877-43-5685
United Kingdom,579-04-3675
United Kingdom,257-12-1899
United Kingdom,861-93-0555
United Kingdom,381-22-7097
United Kingdom,997-36-9054
United Kingdom,657-57-3926
United Kingdom,233-32-5355
United Kingdom,561-91-9872
United Kingdom,194-00-2189
United Kingdom,322-21-5565
United Kingdom,866-16-8193
United Kingdom,345-24-6777
United Kingdom,757-66-5384
United Kingdom,706-58-9995
United Kingdom,050-89-0537
United Kingdom,901-50-0378
United Kingdom,896-79-6802
United Kingdom,230-46-2935
United Kingdom,907-32-4466
United Kingdom,820-63-9096
United Kingdom,274-61-7533
United Kingdom,407-80-0622
United Kingdom,966-90-1282
United Kingdom,619-44-3450
United Kingdom,664-78-8894
United Kingdom,752-61-0759
United Kingdom,879-16-8824
United Kingdom,407-16-4642
United Kingdom,226-17-3570
United Kingdom,113-52-0079
United Kingdom,527-19-4998
United Kingdom,248-80-0302
United Kingdom,902-85-9564
United Kingdom,677-69-3403
United Kingdom,872-39-0942
United Kingdom,656-14-1508
United Kingdom,859-33-8621
United Kingdom,824-84-2071
United Kingdom,877-00-8782
United Kingdom,417-89-0680
United Kingdom,632-76-8520
United Kingdom,571-92-8306
United Kingdom,440-97-0744
United Kingdom,199-43-5389
United Kingdom,327-19-4758
United Kingdom,520-52-6059
United Kingdom,739-80-0372
United Kingdom,684-06-5636
United Kingdom,670-10-5315
United Kingdom,112-31-0471
United Kingdom,721-67-5080
United Kingdom,111-84-4850
United Kingdom,145-62-9967
United Kingdom,240-11-2591
United Kingdom,985-90-2551
United Kingdom,158-27-6390
United Kingdom,276-94-9791
United Kingdom,984-77-3267
United Kingdom,065-68-2938
United Kingdom,325-75-9661
United Kingdom,724-91-3148
United Kingdom,624-88-7482
United Kingdom,812-51-7601
United Kingdom,364-85-6514
United Kingdom,789-63-0958
United Kingdom,231-35-2162
United Kingdom,427-19-8996
United Kingdom,143-39-3258
United Kingdom,164-92-3700
United Kingdom,627-75-4187
United Kingdom,528-86-3689
United Kingdom,733-36-1976
United Kingdom,683-45-1700
United Kingdom,173-67-7231
United Kingdom,885-82-5191
United Kingdom,506-73-8005
United Kingdom,879-53-2091