uniqueid,reltype,passportnumber,testrelationshipproperty
C2OH48HL21V,HAS_PASSPORT,621-10-5759,asdf
P3UE85AY76F,HAS_PASSPORT,781-13-4413,wert
I9IO39KL87H,HAS_PASSPORT,087-34-8406,sdfg
L5TM04HW68I,HAS_PASSPORT,800-44-7705,rtyu
Z1XA68FG61P,HAS_PASSPORT,876-92-6037,fghj
E1YK05EL08W,HAS_PASSPORT,146-78-4907,rtyu
P9GZ17DB26B,HAS_PASSPORT,900-32-8273,tyui
O3HN99PS40B,HAS_PASSPORT,853-36-6120,fghj
Z8QA51TF42X,HAS_PASSPORT,967-65-6465,cvbn
P3UL40GB37L,HAS_PASSPORT,631-35-6449,tyui
B1EX26DP11L,HAS_PASSPORT,988-66-7925,ghjk
N0HZ77LC16D,HAS_PASSPORT,864-22-3356,yuio
S8XV98AK34E,HAS_PASSPORT,105-56-0507,uiop
L1UK78SB59A,HAS_PASSPORT,299-86-6382,hjkl
K1HM82TN21K,HAS_PASSPORT,730-50-5817,tyui
K5GM88QY29L,HAS_PASSPORT,269-59-1354,rtyu
U8SW50WS70M,HAS_PASSPORT,237-81-2463,erty
M5EW11HD51U,HAS_PASSPORT,593-94-4779,wert
N5EM25CE04L,HAS_PASSPORT,017-91-3977,qwer
S4SX29DS00O,HAS_PASSPORT,425-19-4730,sdfg
I5QC16TN39X,HAS_PASSPORT,751-86-2261,dfgh
A7FD16LB40L,HAS_PASSPORT,668-46-7857,fghj
A7ZM51OO00V,HAS_PASSPORT,877-43-5685,ghjk
L1OY40TV72B,HAS_PASSPORT,579-04-3675,hjkl
E0QI68EA01X,HAS_PASSPORT,257-12-1899,vbmn
Q5PL77PE75K,HAS_PASSPORT,861-93-0555,zxcv
U2YI30HO41S,HAS_PASSPORT,381-22-7097,xcvb
U4NB12NK52D,HAS_PASSPORT,997-36-9054,zxcv
V3FB05SW57C,HAS_PASSPORT,657-57-3926,sdfg
Y9LX88VR14R,HAS_PASSPORT,233-32-5355,wert
D2QM97YP57V,HAS_PASSPORT,561-91-9872,erty
Z3BH01NC46I,HAS_PASSPORT,194-00-2189,dfgh
B3AO03QH06W,HAS_PASSPORT,322-21-5565,dfgh
W0FX10ZY07W,HAS_PASSPORT,866-16-8193,rtyu
B0LM31LY71H,HAS_PASSPORT,345-24-6777,tyui
L7GU57HF93Y,HAS_PASSPORT,757-66-5384,asdf
A7FI46VZ60B,HAS_PASSPORT,706-58-9995,wert
M9YN69EN86G,HAS_PASSPORT,050-89-0537,sdfg
E6XM60KD20T,HAS_PASSPORT,901-50-0378,rtyu
G9OG88AZ23D,HAS_PASSPORT,896-79-6802,fghj
D5LB97YT30S,HAS_PASSPORT,230-46-2935,rtyu
G1VG37SD63E,HAS_PASSPORT,907-32-4466,tyui
F2MV39ZZ95G,HAS_PASSPORT,820-63-9096,fghj
V8RL38EW73U,HAS_PASSPORT,274-61-7533,cvbn
P1TD22NH38V,HAS_PASSPORT,407-80-0622,tyui
L3FI79BT41T,HAS_PASSPORT,966-90-1282,ghjk
F8LG77QD80L,HAS_PASSPORT,619-44-3450,yuio
X0DR42TS53X,HAS_PASSPORT,664-78-8894,uiop
D9FW33NQ20N,HAS_PASSPORT,752-61-0759,hjkl
L1QH86VH21Q,HAS_PASSPORT,879-16-8824,tyui
Z7KN15QF28D,HAS_PASSPORT,407-16-4642,rtyu
P1MV72UX43C,HAS_PASSPORT,226-17-3570,erty
D3GG15CY81B,HAS_PASSPORT,113-52-0079,wert
O4XE31US33U,HAS_PASSPORT,527-19-4998,qwer
L3FR27KK57B,HAS_PASSPORT,248-80-0302,sdfg
G1OY47ZR72R,HAS_PASSPORT,902-85-9564,dfgh
Z4EY28PA21W,HAS_PASSPORT,677-69-3403,fghj
X9RV05LU51C,HAS_PASSPORT,872-39-0942,ghjk
A4GY27OY59F,HAS_PASSPORT,656-14-1508,hjkl
X5BL26PX31W,HAS_PASSPORT,859-33-8621,vbmn
N0VL97CT28W,HAS_PASSPORT,824-84-2071,zxcv
M8FL77FP87P,HAS_PASSPORT,877-00-8782,xcvb
N2UY05YY04V,HAS_PASSPORT,417-89-0680,zxcv
Z1BX33FX95L,HAS_PASSPORT,632-76-8520,sdfg
Y5LK10ZC84V,HAS_PASSPORT,571-92-8306,wert
I1FB84BQ08C,HAS_PASSPORT,440-97-0744,erty
A6LX84VM93Z,HAS_PASSPORT,199-43-5389,dfgh
C8WY13LL37X,HAS_PASSPORT,327-19-4758,dfgh
T1MI71UT02C,HAS_PASSPORT,520-52-6059,rtyu
Z0FE85ZS53G,HAS_PASSPORT,739-80-0372,tyui
C7NR96OE76W,HAS_PASSPORT,684-06-5636,asdf
O2QR14QD46N,HAS_PASSPORT,670-10-5315,wert
M2CU46XW38G,HAS_PASSPORT,112-31-0471,sdfg
R9GU07DH90V,HAS_PASSPORT,721-67-5080,rtyu
V0PB63DR72Y,HAS_PASSPORT,111-84-4850,fghj
B1VD96CM53N,HAS_PASSPORT,145-62-9967,rtyu
Y5NV05ZN87C,HAS_PASSPORT,240-11-2591,tyui
A4VG06LW22S,HAS_PASSPORT,985-90-2551,fghj
E0BL47RE38S,HAS_PASSPORT,158-27-6390,cvbn
D1CS49PA12E,HAS_PASSPORT,276-94-9791,tyui
W7HZ93RR28B,HAS_PASSPORT,984-77-3267,ghjk
L8BN20EC99C,HAS_PASSPORT,065-68-2938,yuio
R4DO73MN51L,HAS_PASSPORT,325-75-9661,uiop
D9KS35LC00F,HAS_PASSPORT,724-91-3148,hjkl
L0QS54PH51Y,HAS_PASSPORT,624-88-7482,tyui
T7QF33GG29S,HAS_PASSPORT,812-51-7601,rtyu
X6WA52CT22B,HAS_PASSPORT,364-85-6514,erty
L7HL14VR24P,HAS_PASSPORT,789-63-0958,wert
L1WD48OO92Y,HAS_PASSPORT,231-35-2162,qwer
S9LO44TD49V,HAS_PASSPORT,427-19-8996,sdfg
K8LP56AR48X,HAS_PASSPORT,143-39-3258,dfgh
N0DV64NZ93Q,HAS_PASSPORT,164-92-3700,fghj
Q9ET66LA82Q,HAS_PASSPORT,627-75-4187,ghjk
S4VL48EL66D,HAS_PASSPORT,528-86-3689,hjkl
M6ML53LN48R,HAS_PASSPORT,733-36-1976,vbmn
S1GH26FF56E,HAS_PASSPORT,683-45-1700,zxcv
U9SG37OT64F,HAS_PASSPORT,173-67-7231,xcvb
U4UF03AI06M,HAS_PASSPORT,885-82-5191,zxcv
X9EV31NI63Y,HAS_PASSPORT,506-73-8005,sdfg
T9WV61OZ31G,HAS_PASSPORT,879-53-2091,wert
