lastName,UniqueId,firstName,fullName,birthDate,externalId
Latour,C2OH48HL21V,Marceline,Marceline Latour,1/21/1960,1
Gessel,P3UE85AY76F,Keira,Keira Gessel,12/24/1988,2
Ulshafer,I9IO39KL87H,Kaila,Kaila Ulshafer,7/2/1962,3
Grims,L5TM04HW68I,Drew,Drew Grims,7/7/1963,4
Raval,Z1XA68FG61P,Landon,Landon Raval,3/16/1993,5
Ikeard,E1YK05EL08W,Verdie,Verdie Ikeard,3/18/1972,6
Fullem,P9GZ17DB26B,Vanita,Vanita Fullem,5/18/1984,7
Willigar,O3HN99PS40B,Sheron,Sheron Willigar,11/5/1956,8
Barberr,Z8QA51TF42X,Marni,Marni Barberr,6/1/1959,9
Kohnz,P3UL40GB37L,Tristan,Tristan Kohnz,10/22/1955,10
Relf,B1EX26DP11L,Blair,Blair Relf,12/25/1989,11
Nguyen,N0HZ77LC16D,Francisca,Francisca Nguyen,3/7/1973,12
Mellie,S8XV98AK34E,Elfreda,Elfreda Mellie,10/11/1989,13
Brincefield,L1UK78SB59A,Jamey,Jamey Brincefield,9/29/1955,14
Raynoso,K1HM82TN21K,Ligia,Ligia Raynoso,5/15/1988,15
Lapuz,K5GM88QY29L,Catheryn,Catheryn Lapuz,4/25/1960,16
Sieverson,U8SW50WS70M,Gavin,Gavin Sieverson,7/5/1979,17
Pagon,M5EW11HD51U,Milda,Milda Pagon,2/13/1981,18
Gardiner,N5EM25CE04L,Judson,Judson Gardiner,12/13/1993,19
Loud,S4SX29DS00O,Orville,Orville Loud,1/14/1960,20
Veys,I5QC16TN39X,Ola,Ola Veys,8/11/1983,21
Steff,A7FD16LB40L,Crystle,Crystle Steff,3/23/1974,22
Iwanejko,A7ZM51OO00V,Trena,Trena Iwanejko,8/14/1974,23
Kinzer,L1OY40TV72B,Hassie,Hassie Kinzer,5/6/1979,24
Frezza,E0QI68EA01X,Desirae,Desirae Frezza,3/10/1980,25
Collette,Q5PL77PE75K,Malcom,Malcom Collette,10/3/1977,26
Worner,U2YI30HO41S,Lynn,Lynn Worner,4/9/1976,27
Eidemiller,U4NB12NK52D,Jacqulyn,Jacqulyn Eidemiller,7/4/1968,28
Hunkele,V3FB05SW57C,Fallon,Fallon Hunkele,9/26/1975,29
Wooters,Y9LX88VR14R,Lizbeth,Lizbeth Wooters,12/30/1973,30
Gearin,D2QM97YP57V,Tamra,Tamra Gearin,8/8/1987,31
Lefton,Z3BH01NC46I,Jacquelynn,Jacquelynn Lefton,1/8/1973,32
Ribron,B3AO03QH06W,Jannet,Jannet Ribron,12/4/1980,33
Chriscoe,W0FX10ZY07W,Daisey,Daisey Chriscoe,2/28/1991,34
Nehrt,B0LM31LY71H,Michel,Michel Nehrt,8/25/1975,35
Dardy,L7GU57HF93Y,Leora,Leora Dardy,11/17/1961,36
Diserens,A7FI46VZ60B,Luvenia,Luvenia Diserens,5/22/1975,37
Kuenstler,M9YN69EN86G,Kimberely,Kimberely Kuenstler,2/13/1990,38
Ariola,E6XM60KD20T,Tameika,Tameika Ariola,5/6/1977,39
Gainer,G9OG88AZ23D,Khadijah,Khadijah Gainer,4/12/1961,40
Stolecki,D5LB97YT30S,Katy,Katy Stolecki,1/5/1972,41
Odonal,G1VG37SD63E,Yvone,Yvone Odonal,12/11/1972,42
Titchener,F2MV39ZZ95G,Jackelyn,Jackelyn Titchener,6/9/1983,43
Mucciolo,V8RL38EW73U,Rene,Rene Mucciolo,10/17/1961,44
Hornack,P1TD22NH38V,Buster,Buster Hornack,5/13/1994,45
Shrewsbury,L3FI79BT41T,Linwood,Linwood Shrewsbury,5/31/1986,46
Schimmel,F8LG77QD80L,Tatum,Tatum Schimmel,7/6/1987,47
Papson,X0DR42TS53X,Paul,Paul Papson,9/16/1984,48
Bridgette,D9FW33NQ20N,Gregory,Gregory Bridgette,5/6/1956,49
Scroggs,L1QH86VH21Q,Regenia,Regenia Scroggs,11/7/1961,50
Mcfarlane,Z7KN15QF28D,Herbert,Herbert Mcfarlane,11/19/1993,51
Frankl,P1MV72UX43C,Cleotilde,Cleotilde Frankl,10/23/1966,52
Aldapa,D3GG15CY81B,Teena,Teena Aldapa,3/6/1972,53
Turay,O4XE31US33U,Gerald,Gerald Turay,9/9/1971,54
Pachucki,L3FR27KK57B,Shawna,Shawna Pachucki,5/30/1968,55
Kiili,G1OY47ZR72R,Leandra,Leandra Kiili,1/3/1980,56
Berson,Z4EY28PA21W,Gregorio,Gregorio Berson,6/16/1955,57
Morua,X9RV05LU51C,Mitzi,Mitzi Morua,10/2/1962,58
Settle,A4GY27OY59F,Cecil,Cecil Settle,2/13/1968,59
Brackins,X5BL26PX31W,Krysten,Krysten Brackins,9/2/1975,60
Tweddle,N0VL97CT28W,Londa,Londa Tweddle,12/26/1985,61
Laforce,M8FL77FP87P,Renda,Renda Laforce,6/25/1964,62
Quashie,N2UY05YY04V,Yun,Yun Quashie,5/3/1973,63
Fatigate,Z1BX33FX95L,Neta,Neta Fatigate,10/10/1981,64
Vanderschel,Y5LK10ZC84V,Marchelle,Marchelle Vanderschel,7/21/1994,65
Hedspeth,I1FB84BQ08C,Trinh,Trinh Hedspeth,8/6/1968,66
Karangelen,A6LX84VM93Z,Sandie,Sandie Karangelen,3/9/1960,67
Mcrill,C8WY13LL37X,Sean,Sean Mcrill,1/24/1979,68
Lyter,T1MI71UT02C,Germaine,Germaine Lyter,11/16/1989,69
Kozloff,Z0FE85ZS53G,Isadora,Isadora Kozloff,2/2/1983,70
Salvadge,C7NR96OE76W,Tristan,Tristan Salvadge,11/4/1991,71
Overlock,O2QR14QD46N,Loralee,Loralee Overlock,2/9/1961,72
Newborn,M2CU46XW38G,Arnulfo,Arnulfo Newborn,12/6/1970,73
Ahlstrom,R9GU07DH90V,Heide,Heide Ahlstrom,4/21/1969,74
Laufer,V0PB63DR72Y,Tanna,Tanna Laufer,8/30/1966,75
Daw,B1VD96CM53N,Fausto,Fausto Daw,1/6/1989,76
Micek,Y5NV05ZN87C,Latanya,Latanya Micek,9/18/1971,77
Marcoline,A4VG06LW22S,Beverley,Beverley Marcoline,10/5/1955,78
Gruenberg,E0BL47RE38S,Rigoberto,Rigoberto Gruenberg,3/23/1986,79
Dupuis,D1CS49PA12E,Riley,Riley Dupuis,1/30/1968,80
Newborn,W7HZ93RR28B,Rosemary,Rosemary Newborn,11/9/1982,81
Khatib,L8BN20EC99C,Cori,Cori Khatib,2/26/1991,82
Keyes,R4DO73MN51L,Shanika,Shanika Keyes,2/15/1959,83
Warning,D9KS35LC00F,Carl,Carl Warning,7/22/1957,84
Karvonen,L0QS54PH51Y,Alexandra,Alexandra Karvonen,9/22/1955,85
Pardew,T7QF33GG29S,Gayla,Gayla Pardew,5/29/1969,86
Righter,X6WA52CT22B,Sheri,Sheri Righter,3/15/1973,87
Filippo,L7HL14VR24P,Zulema,Zulema Filippo,1/18/1990,88
Halphen,L1WD48OO92Y,Marlyn,Marlyn Halphen,7/5/1957,89
Intermill,S9LO44TD49V,Emerald,Emerald Intermill,9/4/1967,90
Yip,K8LP56AR48X,Dean,Dean Yip,7/11/1966,91
Roekle,N0DV64NZ93Q,Patsy,Patsy Roekle,6/23/1955,92
Crabbs,Q9ET66LA82Q,Sherise,Sherise Crabbs,11/11/1956,93
Rearden,S4VL48EL66D,Estelle,Estelle Rearden,12/25/1989,94
Tiberio,M6ML53LN48R,Maurice,Maurice Tiberio,1/3/1961,95
Schild,S1GH26FF56E,Shyla,Shyla Schild,12/13/1976,96
Ucci,U9SG37OT64F,Kylee,Kylee Ucci,8/12/1968,97
squiers,U4UF03AI06M,nick,nick squiers,12/8/1961,98
Brewbaker,X9EV31NI63Y,Soo,Soo Brewbaker,8/10/1972,99
Fouraker,T9WV61OZ31G,Vergie,Vergie Fouraker,1/8/1960,100
